cx,cy
7.955662441342087,3.0560779273371814
6.617184102448798,6.698042209519917
7.806472081255656,0.6178002308797463
2.5396512773908713,7.35644325518448
5.4069565198674345,2.2865994845249364
3.1163441986125546,1.8417564750729518
1.3356892052941731,1.2274914318318588
7.792733606598624,3.391166794428049
